,Dubois,Erie,Indiana,Laurel_Mountain,New_Castle,Pittsburgh,Uniontown,Warren
count,734.0,643.0,543.0,764.0,191.0,408.0,31.0,550.0
mean,4.348773841961853,5.7791601866251945,3.7955801104972378,7.147905759162303,3.675392670157068,3.230392156862745,3.870967741935484,4.6036363636363635
std,3.922286324174958,5.7983562965907085,3.3773473160867353,5.161390925896593,3.2830300073573975,2.3325193523059644,1.8392378037993704,3.496444388917911
min,1.0,1.0,1.0,1.0,1.0,1.0,1.0,1.0
25%,2.0,2.0,1.0,3.0,1.0,1.0,3.0,2.0
50%,3.0,4.0,2.0,6.0,2.0,2.0,4.0,4.0
75%,6.0,8.0,5.0,11.0,5.0,5.0,5.0,6.0
max,34.0,39.0,18.0,25.0,13.0,12.0,8.0,17.0
