,Dubois,Erie,Indiana,Laurel_Mountain,New_Castle,Pittsburgh,Uniontown,Warren
count,1929.0,2284.0,2232.0,2417.0,1493.0,1818.0,748.0,2939.0
mean,30.141005702436495,30.164185639229423,32.84094982078853,31.61274306992139,31.870060281312792,30.764026402640265,32.4451871657754,31.550187138482478
std,10.434433860247944,9.405533044710552,9.920719734358123,11.315748408756168,9.138669264980622,9.86735826465894,9.660554269826504,9.551824666408988
min,-9.0,-4.0,-6.0,-10.0,-4.0,-3.0,-1.0,-3.0
25%,23.0,24.0,26.0,24.0,26.0,25.0,26.0,25.0
50%,31.0,30.0,33.0,31.0,32.0,31.0,32.0,32.0
75%,37.0,36.0,39.0,39.0,37.0,37.0,38.0,37.0
max,64.0,65.0,73.0,68.0,75.0,67.0,70.0,82.0
